LSOA Codes,long,lat,borough,crimeType,2011,2012,2013,2014,2015,2016,2017,2018,,,2011
E09000002,0.1418770,51.5857440,Barking and Dagenham,Burglary,2356,2446,2230,1902,1629,1288,1875,1902,,Barking and Dagenham,12092
E09000002,0.1477000,51.5538510,Barking and Dagenham,Criminal Damage,2184,1711,1639,1668,1823,1954,1782,1507,,,
E09000002,0.1460500,51.5487610,Barking and Dagenham,Drugs,988,952,1090,809,947,919,738,855,,,
E09000002,0.1341620,51.5487455,Barking and Dagenham,Fraud or Forgery,616,748,89,36,22,16,27,22,,,
E09000002,0.1648020,51.5474150,Barking and Dagenham,Other Notifiable Offences,357,258,286,327,333,378,364,366,,,
E09000002,0.1332090,51.5425300,Barking and Dagenham,Robbery,1029,749,528,494,553,538,864,818,,,
E09000002,0.1341520,51.5456568,Barking and Dagenham,Sexual Offences,249,237,266,343,406,417,443,456,,,
E09000002,0.0851500,51.5387080,Barking and Dagenham,Theft and Handling,249,5791,5916,5084,5136,5614,6003,5562,,,
E09000002,0.1601590,51.5422610,Barking and Dagenham,Violence Against The Person,4064,3753,3921,4978,5900,6081,6273,6442,,,
E09000003,-0.20995394041385,51.6160440343477,Barnet,Burglary,4918,4841,4276,3629,3851,3400,4021,4423,,,
E09000003,-0.20995394041385,51.6160440343477,Barnet,Criminal Damage,2440,1993,1863,2101,2246,2182,2107,1974,,,
E09000003,-0.20995394041385,51.6160440343477,Barnet,Drugs,1261,946,1049,1046,807,904,763,684,,,
E09000003,-0.20995394041385,51.6160440343477,Barnet,Fraud or Forgery,842,1554,226,35,54,40,44,48,,,
E09000003,-0.20995394041385,51.6160440343477,Barnet,Other Notifiable Offences,399,282,300,361,389,499,444,508,,,
E09000003,-0.20995394041385,51.6160440343477,Barnet,Robbery,1171,1145,804,560,622,463,643,736,,,
E09000003,-0.20995394041385,51.6160440343477,Barnet,Sexual Offences,301,271,323,377,407,489,576,529,,,
E09000003,-0.20995394041385,51.6160440343477,Barnet,Theft and Handling,9755,10048,9753,8899,9149,9724,9789,10614,,,
E09000003,-0.20995394041385,51.6160440343477,Barnet,Violence Against The Person,4199,3949,4315,5802,6896,7492,7859,8063,,,
E09000004,0.14044825338152,51.4590293345084,Bexley,Burglary,1497,1700,1791,1542,1085,1123,1614,1959,,,
E09000004,0.14044825338152,51.4590293345084,Bexley,Criminal Damage,1736,1600,1441,1462,1566,1673,1766,1564,,,
E09000004,0.14044825338152,51.4590293345084,Bexley,Drugs,934,794,839,765,678,646,498,576,,,
E09000004,0.14044825338152,51.4590293345084,Bexley,Fraud or Forgery,327,425,100,9,9,10,14,11,,,
E09000004,0.14044825338152,51.4590293345084,Bexley,Other Notifiable Offences,195,199,224,248,388,294,338,371,,,
E09000004,0.14044825338152,51.4590293345084,Bexley,Robbery,362,231,269,204,171,209,286,317,,,
E09000004,0.14044825338152,51.4590293345084,Bexley,Sexual Offences,149,161,174,235,265,345,356,342,,,
E09000004,0.14044825338152,51.4590293345084,Bexley,Theft and Handling,4027,4279,4189,4167,4145,4393,4726,4800,,,
E09000004,0.14044825338152,51.4590293345084,Bexley,Violence Against The Person,2757,2757,2729,3349,3938,4503,4968,5097,,,
E09000005,-0.26761510544421,51.5585288109819,Brent,Burglary,3777,3941,3091,2640,2700,2628,3320,3671,,,
E09000005,-0.26761510544421,51.5585288109819,Brent,Criminal Damage,2404,2166,2000,2135,2132,2282,2248,2172,,,
E09000005,-0.26761510544421,51.5585288109819,Brent,Drugs,4384,3453,3362,2912,1819,2097,1697,1722,,,
E09000005,-0.26761510544421,51.5585288109819,Brent,Fraud or Forgery,984,1335,148,25,32,34,58,47,,,
E09000005,-0.26761510544421,51.5585288109819,Brent,Other Notifiable Offences,480,458,425,472,410,537,534,575,,,
E09000005,-0.26761510544421,51.5585288109819,Brent,Robbery,2123,1646,1148,878,886,917,1202,1413,,,
E09000005,-0.26761510544421,51.5585288109819,Brent,Sexual Offences,323,349,324,448,488,539,621,637,,,
E09000005,-0.26761510544421,51.5585288109819,Brent,Theft and Handling,7586,7777,7396,7306,8410,9024,9774,9342,,,
E09000005,-0.26761510544421,51.5585288109819,Brent,Violence Against The Person,7135,6408,6021,7703,8486,9204,9851,10335,,,
E09000006,0.05158107231455,51.3720056780001,Bromley,Burglary,3173,3448,3127,2692,2525,2214,3135,3162,,,
E09000006,0.05158107231455,51.3720056780001,Bromley,Criminal Damage,2665,2258,2004,2275,2297,2202,2273,2199,,,
E09000006,0.05158107231455,51.3720056780001,Bromley,Drugs,1063,1013,1052,990,871,728,622,697,,,
E09000006,0.05158107231455,51.3720056780001,Bromley,Fraud or Forgery,564,618,79,17,19,35,38,22,,,
E09000006,0.05158107231455,51.3720056780001,Bromley,Other Notifiable Offences,224,243,276,329,405,417,399,387,,,
E09000006,0.05158107231455,51.3720056780001,Bromley,Robbery,707,597,577,390,363,369,603,443,,,
E09000006,0.05158107231455,51.3720056780001,Bromley,Sexual Offences,234,219,269,351,387,458,497,529,,,
E09000006,0.05158107231455,51.3720056780001,Bromley,Theft and Handling,8069,7617,7559,7330,7531,7585,7736,8139,,,
E09000006,0.05158107231455,51.3720056780001,Bromley,Violence Against The Person,4626,4151,4219,5515,6618,6649,7327,7423,,,
,-0.15753842018926,51.5463827310608,Camden,Burglary,3421,2943,3093,2930,2836,2652,3541,3871,,,
,-0.15753842018926,51.5463827310608,Camden,Criminal Damage,2085,1876,1577,1673,1891,1932,1882,1723,,,
,-0.15753842018926,51.5463827310608,Camden,Drugs,2563,2299,2175,1919,1666,1489,1327,1274,,,
,-0.15753842018926,51.5463827310608,Camden,Fraud or Forgery,827,1382,162,53,30,38,59,36,,,
,-0.15753842018926,51.5463827310608,Camden,Other Notifiable Offences,452,452,414,477,438,490,425,451,,,
,-0.15753842018926,51.5463827310608,Camden,Robbery,1449,1097,873,882,1027,896,1988,1725,,,
,-0.15753842018926,51.5463827310608,Camden,Sexual Offences,337,312,301,394,522,541,621,608,,,
,-0.15753842018926,51.5463827310608,Camden,Theft and Handling,13518,15658,14725,12499,14190,14035,19145,17104,,,
,-0.15753842018926,51.5463827310608,Camden,Violence Against The Person,5580,5128,4563,5697,7131,7623,8392,8591,,,
,-0.08714973957343,51.3554033548877,Croydon,Burglary,4645,4050,3972,3144,2720,2738,3132,3343,,,
,-0.08714973957343,51.3554033548877,Croydon,Criminal Damage,3471,3090,2834,2833,3113,3218,3124,2637,,,
,-0.08714973957343,51.3554033548877,Croydon,Drugs,2335,2371,2099,1869,1569,1368,1668,1637,,,
,-0.08714973957343,51.3554033548877,Croydon,Fraud or Forgery,803,1147,114,30,39,40,49,31,,,
,-0.08714973957343,51.3554033548877,Croydon,Other Notifiable Offences,461,493,394,505,579,718,631,654,,,
,-0.08714973957343,51.3554033548877,Croydon,Robbery,1778,1941,1702,974,729,1139,1160,1081,,,
,-0.08714973957343,51.3554033548877,Croydon,Sexual Offences,457,441,469,580,649,747,797,840,,,
,-0.08714973957343,51.3554033548877,Croydon,Theft and Handling,10142,11334,9990,9559,9463,9231,8731,9328,,,
,-0.08714973957343,51.3554033548877,Croydon,Violence Against The Person,6613,6580,6199,8256,9881,10303,10603,10813,,,
,-0.33110331779423,51.5225236886032,Ealing,Burglary,3868,3947,3588,2909,2629,2492,3063,3012,,,
,-0.33110331779423,51.5225236886032,Ealing,Criminal Damage,3173,2609,2257,2329,2474,2564,2348,2175,,,
,-0.33110331779423,51.5225236886032,Ealing,Drugs,2221,2173,1901,1606,1411,1356,1354,1109,,,
,-0.33110331779423,51.5225236886032,Ealing,Fraud or Forgery,993,1214,162,59,56,56,61,47,,,
,-0.33110331779423,51.5225236886032,Ealing,Other Notifiable Offences,561,478,421,472,547,613,646,622,,,
,-0.33110331779423,51.5225236886032,Ealing,Robbery,1452,1235,912,648,635,670,844,843,,,
,-0.33110331779423,51.5225236886032,Ealing,Sexual Offences,397,346,424,451,531,527,571,619,,,
,-0.33110331779423,51.5225236886032,Ealing,Theft and Handling,10854,10493,9895,9108,9499,10035,9498,9629,,,
,-0.33110331779423,51.5225236886032,Ealing,Violence Against The Person,7202,6855,6295,7401,8947,9394,9687,9773,,,
,-0.08735767868339,51.6510689030139,Enfield,Burglary,3715,3724,3459,3050,2809,2542,3134,3781,,,
,-0.08735767868339,51.6510689030139,Enfield,Criminal Damage,2649,2145,1984,2069,2128,2134,2165,2190,,,
,-0.08735767868339,51.6510689030139,Enfield,Drugs,1501,1143,1571,1423,1232,1063,1018,894,,,
,-0.08735767868339,51.6510689030139,Enfield,Fraud or Forgery,763,943,127,40,34,29,52,43,,,
,-0.08735767868339,51.6510689030139,Enfield,Other Notifiable Offences,401,302,339,440,427,492,477,561,,,
,-0.08735767868339,51.6510689030139,Enfield,Robbery,1134,1124,936,769,939,807,983,1220,,,
,-0.08735767868339,51.6510689030139,Enfield,Sexual Offences,283,281,323,430,444,522,564,618,,,
,-0.08735767868339,51.6510689030139,Enfield,Theft and Handling,7849,8074,8634,7760,7787,8037,8709,9879,,,
,-0.08735767868339,51.6510689030139,Enfield,Violence Against The Person,4200,4247,4529,5971,6714,7410,7684,8280,,,
,0.05666761217397,51.4727398978216,Greenwich,Burglary,2552,2321,2383,2147,1863,1780,2705,2891,,,
,0.05666761217397,51.4727398978216,Greenwich,Criminal Damage,2819,2235,2035,1980,2276,2475,2604,2162,,,
,0.05666761217397,51.4727398978216,Greenwich,Drugs,1405,1320,1313,1235,943,867,977,852,,,
,0.05666761217397,51.4727398978216,Greenwich,Fraud or Forgery,583,769,126,45,45,58,47,47,,,
,0.05666761217397,51.4727398978216,Greenwich,Other Notifiable Offences,363,370,391,446,511,521,634,606,,,
,0.05666761217397,51.4727398978216,Greenwich,Robbery,866,586,475,398,464,486,634,641,,,
,0.05666761217397,51.4727398978216,Greenwich,Sexual Offences,376,329,294,410,499,520,635,642,,,
,0.05666761217397,51.4727398978216,Greenwich,Theft and Handling,7387,7462,7062,6995,7054,8009,8048,8189,,,
,0.05666761217397,51.4727398978216,Greenwich,Violence Against The Person,5196,5348,5118,6450,7752,8587,8943,9185,,,
,-0.06339216686894,51.5522462924815,Hackney,Burglary,2330,2407,2807,2676,2514,2722,3332,3667,,,
,-0.06339216686894,51.5522462924815,Hackney,Criminal Damage,2057,1860,1671,1920,2029,1981,2017,1868,,,
,-0.06339216686894,51.5522462924815,Hackney,Drugs,2418,2199,1891,1297,1316,1350,1250,1432,,,
,-0.06339216686894,51.5522462924815,Hackney,Fraud or Forgery,591,833,71,27,31,17,32,47,,,
,-0.06339216686894,51.5522462924815,Hackney,Other Notifiable Offences,322,340,365,431,467,499,491,483,,,
,-0.06339216686894,51.5522462924815,Hackney,Robbery,1145,1250,1022,959,1040,1020,1461,1573,,,
,-0.06339216686894,51.5522462924815,Hackney,Sexual Offences,353,356,360,503,589,665,731,725,,,
,-0.06339216686894,51.5522462924815,Hackney,Theft and Handling,8633,10950,10858,9148,10872,11835,12880,11823,,,
,-0.06339216686894,51.5522462924815,Hackney,Violence Against The Person,5306,5740,5759,7114,8429,8832,9467,9340,,,
,-0.22142377878695,51.4960855223826,Hammersmith and Fulham,Burglary,2524,1868,1522,1449,1571,1533,2395,2277,,,
,-0.22142377878695,51.4960855223826,Hammersmith and Fulham,Criminal Damage,1745,1471,1197,1364,1473,1407,1363,1253,,,
,-0.22142377878695,51.4960855223826,Hammersmith and Fulham,Drugs,1512,1653,1963,1807,1418,1324,1059,919,,,
,-0.22142377878695,51.4960855223826,Hammersmith and Fulham,Fraud or Forgery,506,875,85,30,20,27,44,37,,,
,-0.22142377878695,51.4960855223826,Hammersmith and Fulham,Other Notifiable Offences,440,338,368,429,422,474,438,390,,,
,-0.22142377878695,51.4960855223826,Hammersmith and Fulham,Robbery,781,698,561,370,357,398,554,762,,,
,-0.22142377878695,51.4960855223826,Hammersmith and Fulham,Sexual Offences,198,233,244,287,337,396,391,420,,,
,-0.22142377878695,51.4960855223826,Hammersmith and Fulham,Theft and Handling,8935,9195,8125,8179,8833,8938,8993,8778,,,
,-0.22142377878695,51.4960855223826,Hammersmith and Fulham,Violence Against The Person,4307,4253,3979,4840,5663,6130,6180,6505,,,
,-0.10748908627388,51.5904085029802,Haringey,Burglary,3609,3442,2747,2890,2569,2474,2918,3677,,,
,-0.10748908627388,51.5904085029802,Haringey,Criminal Damage,2701,2180,1871,2146,2144,2234,2174,2082,,,
,-0.10748908627388,51.5904085029802,Haringey,Drugs,1586,1541,1205,1170,1336,1540,1354,1307,,,
,-0.10748908627388,51.5904085029802,Haringey,Fraud or Forgery,514,868,108,32,34,55,56,51,,,
,-0.10748908627388,51.5904085029802,Haringey,Other Notifiable Offences,246,281,281,396,445,551,475,526,,,
,-0.10748908627388,51.5904085029802,Haringey,Robbery,1414,1128,904,981,1235,1251,1783,1809,,,
,-0.10748908627388,51.5904085029802,Haringey,Sexual Offences,309,323,283,432,515,562,601,679,,,
,-0.10748908627388,51.5904085029802,Haringey,Theft and Handling,8382,9291,9002,8550,9291,10567,11255,11003,,,
,-0.10748908627388,51.5904085029802,Haringey,Violence Against The Person,4667,4748,4472,6270,7541,8574,9253,9419,,,
,-0.34121754958998,51.5976288565418,Harrow,Burglary,2602,2520,2100,1834,1672,1995,2389,2246,,,
,-0.34121754958998,51.5976288565418,Harrow,Criminal Damage,1463,1243,1140,1185,1181,1209,1135,1092,,,
,-0.34121754958998,51.5976288565418,Harrow,Drugs,683,704,899,936,621,473,511,575,,,
,-0.34121754958998,51.5976288565418,Harrow,Fraud or Forgery,635,642,107,20,15,24,19,27,,,
,-0.34121754958998,51.5976288565418,Harrow,Other Notifiable Offences,301,223,224,233,207,266,242,291,,,
,-0.34121754958998,51.5976288565418,Harrow,Robbery,650,655,503,306,309,378,310,362,,,
,-0.34121754958998,51.5976288565418,Harrow,Sexual Offences,161,168,204,237,244,270,317,293,,,
,-0.34121754958998,51.5976288565418,Harrow,Theft and Handling,4140,4317,3959,3824,4391,4530,4190,4687,,,
,-0.34121754958998,51.5976288565418,Harrow,Violence Against The Person,2829,2934,3031,3469,4199,4289,4663,5059,,,
,0.22116760190977,51.5643698341122,Havering,Burglary,2820,2819,2483,2124,1940,1826,2593,2324,,,
,0.22116760190977,51.5643698341122,Havering,Criminal Damage,1840,1596,1495,1559,1660,1804,1823,1482,,,
,0.22116760190977,51.5643698341122,Havering,Drugs,1056,1051,1009,751,705,717,509,514,,,
,0.22116760190977,51.5643698341122,Havering,Fraud or Forgery,330,480,51,18,13,17,21,22,,,
,0.22116760190977,51.5643698341122,Havering,Other Notifiable Offences,272,243,251,320,359,389,333,398,,,
,0.22116760190977,51.5643698341122,Havering,Robbery,483,431,292,288,323,311,614,670,,,
,0.22116760190977,51.5643698341122,Havering,Sexual Offences,198,169,186,380,364,331,420,405,,,
,0.22116760190977,51.5643698341122,Havering,Theft and Handling,6469,6268,6175,5635,5826,5919,6274,6238,,,
,0.22116760190977,51.5643698341122,Havering,Violence Against The Person,3329,3325,3284,3974,5034,5936,5983,6335,,,
,-0.44582914024209,51.5415329153423,Hillingdon,Burglary,3721,3372,2867,2683,2216,2229,3004,2728,,,
,-0.44582914024209,51.5415329153423,Hillingdon,Criminal Damage,2879,2283,2164,2427,2313,2470,2618,2155,,,
,-0.44582914024209,51.5415329153423,Hillingdon,Drugs,1579,1099,1037,925,1103,1042,806,914,,,
,-0.44582914024209,51.5415329153423,Hillingdon,Fraud or Forgery,799,860,104,29,36,53,51,53,,,
,-0.44582914024209,51.5415329153423,Hillingdon,Other Notifiable Offences,604,513,542,891,1008,1305,1518,1371,,,
,-0.44582914024209,51.5415329153423,Hillingdon,Robbery,898,848,545,503,322,420,516,567,,,
,-0.44582914024209,51.5415329153423,Hillingdon,Sexual Offences,284,264,294,407,416,446,550,551,,,
,-0.44582914024209,51.5415329153423,Hillingdon,Theft and Handling,9060,8506,7933,8566,8757,9045,10137,10467,,,
,-0.44582914024209,51.5415329153423,Hillingdon,Violence Against The Person,5503,5142,4985,6856,7450,7830,8069,8504,,,
,-0.36712638707752,51.4684011878131,Hounslow,Burglary,2728,2933,2478,1927,1782,1808,2786,2723,,,
,-0.36712638707752,51.4684011878131,Hounslow,Criminal Damage,2630,2269,1994,1944,2163,2214,2100,1993,,,
,-0.36712638707752,51.4684011878131,Hounslow,Drugs,1743,1602,1501,1517,1097,1086,1197,1210,,,
,-0.36712638707752,51.4684011878131,Hounslow,Fraud or Forgery,645,873,81,32,17,34,45,30,,,
,-0.36712638707752,51.4684011878131,Hounslow,Other Notifiable Offences,505,390,358,454,533,665,662,629,,,
,-0.36712638707752,51.4684011878131,Hounslow,Robbery,662,769,480,399,380,392,470,658,,,
,-0.36712638707752,51.4684011878131,Hounslow,Sexual Offences,265,288,309,439,486,521,510,581,,,
,-0.36712638707752,51.4684011878131,Hounslow,Theft and Handling,8391,8604,7360,7264,8129,8691,8951,8893,,,
,-0.36712638707752,51.4684011878131,Hounslow,Violence Against The Person,5437,5381,5069,6059,7095,7404,8087,8670,,,
,-0.11052269795368,51.5486442417862,Islington,Burglary,2812,2416,2407,2358,2343,2050,2750,3052,,,
,-0.11052269795368,51.5486442417862,Islington,Criminal Damage,2037,1868,1597,1958,1982,1902,1813,1667,,,
,-0.11052269795368,51.5486442417862,Islington,Drugs,1740,1713,1412,1311,1382,1773,1413,1219,,,
,-0.11052269795368,51.5486442417862,Islington,Fraud or Forgery,517,848,90,27,37,32,47,49,,,
,-0.11052269795368,51.5486442417862,Islington,Other Notifiable Offences,370,385,383,449,481,508,481,463,,,
,-0.11052269795368,51.5486442417862,Islington,Robbery,1151,1160,944,836,975,938,1792,1493,,,
,-0.11052269795368,51.5486442417862,Islington,Sexual Offences,275,280,288,371,448,478,617,551,,,
,-0.11052269795368,51.5486442417862,Islington,Theft and Handling,9075,11690,11192,10126,12252,12059,15237,11664,,,
,-0.11052269795368,51.5486442417862,Islington,Violence Against The Person,5142,5283,4911,6504,7392,7831,7852,8068,,,
,-0.19287828058781,51.5016410045836,Kensington and Chelsea,Burglary,1733,1784,1754,1573,1590,1447,2132,2395,,,
,-0.19287828058781,51.5016410045836,Kensington and Chelsea,Criminal Damage,1150,1048,824,970,1053,1051,1104,1085,,,
,-0.19287828058781,51.5016410045836,Kensington and Chelsea,Drugs,1628,1347,1097,782,1030,1679,1586,1431,,,
,-0.19287828058781,51.5016410045836,Kensington and Chelsea,Fraud or Forgery,655,928,127,24,18,37,71,49,,,
,-0.19287828058781,51.5016410045836,Kensington and Chelsea,Other Notifiable Offences,248,211,217,246,287,326,340,314,,,
,-0.19287828058781,51.5016410045836,Kensington and Chelsea,Robbery,609,653,539,456,408,522,659,712,,,
,-0.19287828058781,51.5016410045836,Kensington and Chelsea,Sexual Offences,160,187,211,239,268,314,327,377,,,
,-0.19287828058781,51.5016410045836,Kensington and Chelsea,Theft and Handling,9337,10927,10087,9580,10073,9858,9787,9539,,,
,-0.19287828058781,51.5016410045836,Kensington and Chelsea,Violence Against The Person,2741,2659,2526,3572,4533,4693,4956,5285,,,
,-0.28683993623483,51.3877820186828,Kingston upon Thames,Burglary,1338,1375,1191,993,928,879,1378,1216,,,
,-0.28683993623483,51.3877820186828,Kingston upon Thames,Criminal Damage,1150,1089,949,983,1028,1053,993,940,,,
,-0.28683993623483,51.3877820186828,Kingston upon Thames,Drugs,670,419,588,750,901,743,586,409,,,
,-0.28683993623483,51.3877820186828,Kingston upon Thames,Fraud or Forgery,383,361,39,6,19,16,30,18,,,
,-0.28683993623483,51.3877820186828,Kingston upon Thames,Other Notifiable Offences,139,119,104,144,201,189,193,208,,,
,-0.28683993623483,51.3877820186828,Kingston upon Thames,Robbery,239,237,156,107,109,121,177,240,,,
,-0.28683993623483,51.3877820186828,Kingston upon Thames,Sexual Offences,163,155,134,191,225,244,308,287,,,
,-0.28683993623483,51.3877820186828,Kingston upon Thames,Theft and Handling,3804,3878,3732,3552,3494,3804,4138,4690,,,
,-0.28683993623483,51.3877820186828,Kingston upon Thames,Violence Against The Person,2181,2267,2051,2386,3015,3195,3566,3887,,,
,-0.11821116373700,51.4532742664485,Lambeth,Burglary,3796,3612,3892,3024,2568,3087,3243,3885,,,
,-0.11821116373700,51.4532742664485,Lambeth,Criminal Damage,3056,2512,2426,2540,2691,2765,2624,2401,,,
,-0.11821116373700,51.4532742664485,Lambeth,Drugs,2995,2296,1904,2640,2652,2739,2280,2090,,,
,-0.11821116373700,51.4532742664485,Lambeth,Fraud or Forgery,1003,1026,152,49,54,42,64,43,,,
,-0.11821116373700,51.4532742664485,Lambeth,Other Notifiable Offences,390,406,403,583,642,635,652,627,,,
,-0.11821116373700,51.4532742664485,Lambeth,Robbery,3025,2685,2426,1384,1159,1198,1469,1326,,,
,-0.11821116373700,51.4532742664485,Lambeth,Sexual Offences,450,407,448,660,812,809,871,934,,,
,-0.11821116373700,51.4532742664485,Lambeth,Theft and Handling,10112,13198,12786,11591,12796,13159,12450,12453,,,
,-0.11821116373700,51.4532742664485,Lambeth,Violence Against The Person,7117,6917,6886,8968,10501,10495,10747,10625,,,
,-0.02011318762770,51.4481435340409,Lewisham,Burglary,3246,3298,3306,2337,2149,2071,2695,3052,,,
,-0.02011318762770,51.4481435340409,Lewisham,Criminal Damage,2939,2435,2191,2187,2468,2352,2343,2244,,,
,-0.02011318762770,51.4481435340409,Lewisham,Drugs,2191,1441,1719,1320,1596,1616,1263,1257,,,
,-0.02011318762770,51.4481435340409,Lewisham,Fraud or Forgery,893,913,103,36,38,41,50,46,,,
,-0.02011318762770,51.4481435340409,Lewisham,Other Notifiable Offences,459,339,343,370,413,485,463,550,,,
,-0.02011318762770,51.4481435340409,Lewisham,Robbery,1678,1305,1271,788,810,868,1006,1036,,,
,-0.02011318762770,51.4481435340409,Lewisham,Sexual Offences,390,394,410,497,540,630,642,662,,,
,-0.02011318762770,51.4481435340409,Lewisham,Theft and Handling,8071,8338,7014,6765,7517,7700,7292,7677,,,
,-0.02011318762770,51.4481435340409,Lewisham,Violence Against The Person,6422,5875,5960,6958,8435,8816,9083,9157,,,
,-0.19734245989477,51.4099453058726,Merton,Burglary,2406,2031,1788,1683,1425,1417,1668,1826,,,
,-0.19734245989477,51.4099453058726,Merton,Criminal Damage,1689,1329,1208,1259,1425,1418,1280,1164,,,
,-0.19734245989477,51.4099453058726,Merton,Drugs,1001,845,641,561,476,466,598,478,,,
,-0.19734245989477,51.4099453058726,Merton,Fraud or Forgery,386,592,63,15,17,20,31,24,,,
,-0.19734245989477,51.4099453058726,Merton,Other Notifiable Offences,129,160,154,171,204,249,270,310,,,
,-0.19734245989477,51.4099453058726,Merton,Robbery,635,564,440,285,261,283,356,389,,,
,-0.19734245989477,51.4099453058726,Merton,Sexual Offences,195,153,195,200,253,288,334,342,,,
,-0.19734245989477,51.4099453058726,Merton,Theft and Handling,4542,5019,4543,4257,4520,4891,4781,4750,,,
,-0.19734245989477,51.4099453058726,Merton,Violence Against The Person,2545,2539,2466,3032,3898,4026,4366,4495,,,
,0.03625162202742,51.5283359649631,Newham,Burglary,3243,3087,2921,2487,2275,2115,2746,3076,,,
,0.03625162202742,51.5283359649631,Newham,Criminal Damage,2617,2360,2086,2228,2397,2496,2381,2392,,,
,0.03625162202742,51.5283359649631,Newham,Drugs,2286,1867,1623,1724,1682,1686,2143,2034,,,
,0.03625162202742,51.5283359649631,Newham,Fraud or Forgery,1237,1655,197,31,47,46,47,64,,,
,0.03625162202742,51.5283359649631,Newham,Other Notifiable Offences,458,458,423,572,630,713,773,770,,,
,0.03625162202742,51.5283359649631,Newham,Robbery,2384,2313,2127,1630,1397,1473,2018,1776,,,
,0.03625162202742,51.5283359649631,Newham,Sexual Offences,396,344,429,543,722,619,745,813,,,
,0.03625162202742,51.5283359649631,Newham,Theft and Handling,10546,12344,11937,11126,11308,11969,12759,13713,,,
,0.03625162202742,51.5283359649631,Newham,Violence Against The Person,6468,6634,6173,7898,9411,9646,10313,10592,,,
,0.07569570522396,51.5854960637963,Redbridge,Burglary,3788,3400,2994,2632,2245,1996,3597,3432,,,
,0.07569570522396,51.5854960637963,Redbridge,Criminal Damage,2350,1726,1495,1618,1626,1645,1812,1597,,,
,0.07569570522396,51.5854960637963,Redbridge,Drugs,2344,1942,1807,1536,1269,1017,735,655,,,
,0.07569570522396,51.5854960637963,Redbridge,Fraud or Forgery,630,916,156,22,33,32,26,22,,,
,0.07569570522396,51.5854960637963,Redbridge,Other Notifiable Offences,286,293,298,401,397,381,400,373,,,
,0.07569570522396,51.5854960637963,Redbridge,Robbery,1141,1035,886,715,657,594,883,1038,,,
,0.07569570522396,51.5854960637963,Redbridge,Sexual Offences,242,223,281,428,446,510,465,482,,,
,0.07569570522396,51.5854960637963,Redbridge,Theft and Handling,8989,8517,7917,6857,6772,7435,8470,8273,,,
,0.07569570522396,51.5854960637963,Redbridge,Violence Against The Person,3802,4114,4244,5671,5882,6397,6741,7262,,,
,-0.31310972184390,51.4421367843291,Richmond upon Thames,Burglary,2088,2010,1931,1759,1450,1360,2267,2101,,,
,-0.31310972184390,51.4421367843291,Richmond upon Thames,Criminal Damage,1398,1200,1149,1086,1074,1148,1155,1099,,,
,-0.31310972184390,51.4421367843291,Richmond upon Thames,Drugs,537,529,628,457,396,320,380,271,,,
,-0.31310972184390,51.4421367843291,Richmond upon Thames,Fraud or Forgery,379,425,63,17,22,17,29,12,,,
,-0.31310972184390,51.4421367843291,Richmond upon Thames,Other Notifiable Offences,164,155,144,191,217,217,204,204,,,
,-0.31310972184390,51.4421367843291,Richmond upon Thames,Robbery,198,226,194,131,149,106,237,346,,,
,-0.31310972184390,51.4421367843291,Richmond upon Thames,Sexual Offences,150,150,120,192,217,265,330,268,,,
,-0.31310972184390,51.4421367843291,Richmond upon Thames,Theft and Handling,4136,4274,3770,3909,4100,4766,5113,4814,,,
,-0.31310972184390,51.4421367843291,Richmond upon Thames,Violence Against The Person,1921,2059,1907,2383,2861,3156,3469,3576,,,
,-0.07456270533506,51.4731169332719,Southwark,Burglary,3412,3293,3477,2840,2989,2946,3702,3603,,,
,-0.07456270533506,51.4731169332719,Southwark,Criminal Damage,3135,2385,2380,2469,2573,2621,2523,2366,,,
,-0.07456270533506,51.4731169332719,Southwark,Drugs,3471,2446,2677,2732,2271,1837,2133,1892,,,
,-0.07456270533506,51.4731169332719,Southwark,Fraud or Forgery,720,1020,140,40,35,42,66,48,,,
,-0.07456270533506,51.4731169332719,Southwark,Other Notifiable Offences,536,473,453,480,469,494,518,592,,,
,-0.07456270533506,51.4731169332719,Southwark,Robbery,2368,2528,2266,1277,1220,1315,1792,1776,,,
,-0.07456270533506,51.4731169332719,Southwark,Sexual Offences,474,412,428,533,642,677,786,836,,,
,-0.07456270533506,51.4731169332719,Southwark,Theft and Handling,10223,11376,12459,10295,11613,12942,12485,13529,,,
,-0.07456270533506,51.4731169332719,Southwark,Violence Against The Person,6585,6489,6281,7783,8867,9471,9745,10621,,,
,-0.17744260618665,51.3620914619507,Sutton,Burglary,1625,1538,1430,1401,1280,1235,1403,1488,,,
,-0.17744260618665,51.3620914619507,Sutton,Criminal Damage,1567,1358,1224,1258,1321,1317,1234,1196,,,
,-0.17744260618665,51.3620914619507,Sutton,Drugs,553,557,480,456,500,461,405,344,,,
,-0.17744260618665,51.3620914619507,Sutton,Fraud or Forgery,176,291,32,7,9,9,22,6,,,
,-0.17744260618665,51.3620914619507,Sutton,Other Notifiable Offences,110,164,141,134,182,253,251,279,,,
,-0.17744260618665,51.3620914619507,Sutton,Robbery,296,303,247,202,163,165,265,320,,,
,-0.17744260618665,51.3620914619507,Sutton,Sexual Offences,196,182,202,231,212,284,344,270,,,
,-0.17744260618665,51.3620914619507,Sutton,Theft and Handling,4537,4202,4050,3707,3427,3518,3821,3773,,,
,-0.17744260618665,51.3620914619507,Sutton,Violence Against The Person,2346,2664,2378,3133,3696,3714,4261,4387,,,
,-0.03575519614834,51.5171253390405,Tower Hamlets,Burglary,2716,2685,2751,2344,2560,2793,3266,3677,,,
,-0.03575519614834,51.5171253390405,Tower Hamlets,Criminal Damage,2442,2261,2076,2240,2427,2358,2404,2130,,,
,-0.03575519614834,51.5171253390405,Tower Hamlets,Drugs,3240,3272,3030,2197,1812,1632,1487,2066,,,
,-0.03575519614834,51.5171253390405,Tower Hamlets,Fraud or Forgery,945,1040,131,21,22,32,36,46,,,
,-0.03575519614834,51.5171253390405,Tower Hamlets,Other Notifiable Offences,447,407,495,513,614,678,664,704,,,
,-0.03575519614834,51.5171253390405,Tower Hamlets,Robbery,1391,1370,1262,1113,1113,1238,1475,1522,,,
,-0.03575519614834,51.5171253390405,Tower Hamlets,Sexual Offences,406,371,364,491,519,679,674,702,,,
,-0.03575519614834,51.5171253390405,Tower Hamlets,Theft and Handling,8467,9075,9233,8376,9935,10964,11313,11420,,,
,-0.03575519614834,51.5171253390405,Tower Hamlets,Violence Against The Person,5610,6047,6370,7575,8833,9608,9822,10508,,,
,-0.01273966443325,51.5941207237596,Waltham Forest,Burglary,3371,2947,2705,2472,2229,1873,2842,2718,,,
,-0.01273966443325,51.5941207237596,Waltham Forest,Criminal Damage,2371,1966,1802,1731,1987,1989,1966,1663,,,
,-0.01273966443325,51.5941207237596,Waltham Forest,Drugs,1267,1287,1700,1361,1448,1040,891,1152,,,
,-0.01273966443325,51.5941207237596,Waltham Forest,Fraud or Forgery,1066,1123,118,27,35,53,39,31,,,
,-0.01273966443325,51.5941207237596,Waltham Forest,Other Notifiable Offences,281,307,318,374,412,444,375,476,,,
,-0.01273966443325,51.5941207237596,Waltham Forest,Robbery,1736,1353,984,714,645,602,813,982,,,
,-0.01273966443325,51.5941207237596,Waltham Forest,Sexual Offences,292,246,340,390,448,476,550,484,,,
,-0.01273966443325,51.5941207237596,Waltham Forest,Theft and Handling,8751,9234,8891,7195,7285,7357,7748,8270,,,
,-0.01273966443325,51.5941207237596,Waltham Forest,Violence Against The Person,4984,4954,5193,6144,6915,7409,7298,7627,,,
,-0.18656880463899,51.4512729644053,Wandsworth,Burglary,3089,3424,3098,2678,2390,2351,2919,3331,,,
,-0.18656880463899,51.4512729644053,Wandsworth,Criminal Damage,2183,2028,1809,1759,1929,1837,1993,1761,,,
,-0.18656880463899,51.4512729644053,Wandsworth,Drugs,1053,1048,1074,887,718,870,838,678,,,
,-0.18656880463899,51.4512729644053,Wandsworth,Fraud or Forgery,563,923,116,24,25,34,38,42,,,
,-0.18656880463899,51.4512729644053,Wandsworth,Other Notifiable Offences,278,323,329,371,487,415,411,523,,,
,-0.18656880463899,51.4512729644053,Wandsworth,Robbery,1262,1201,946,601,450,610,747,850,,,
,-0.18656880463899,51.4512729644053,Wandsworth,Sexual Offences,305,292,357,390,533,614,667,664,,,
,-0.18656880463899,51.4512729644053,Wandsworth,Theft and Handling,8202,10670,9695,8831,9339,10792,9824,9510,,,
,-0.18656880463899,51.4512729644053,Wandsworth,Violence Against The Person,4046,4123,4019,5390,6924,6810,7454,8037,,,
,-0.16108767332668,51.5137893205156,Westminster,Burglary,3313,4084,3910,3438,3152,3220,4007,4783,,,
,-0.16108767332668,51.5137893205156,Westminster,Criminal Damage,2539,2259,2084,2017,2083,2182,2265,2305,,,
,-0.16108767332668,51.5137893205156,Westminster,Drugs,6347,4679,4167,2810,2107,2055,2312,1862,,,
,-0.16108767332668,51.5137893205156,Westminster,Fraud or Forgery,1842,2392,263,76,68,87,109,79,,,
,-0.16108767332668,51.5137893205156,Westminster,Other Notifiable Offences,814,648,765,801,726,708,762,756,,,
,-0.16108767332668,51.5137893205156,Westminster,Robbery,2158,2315,2206,1939,1506,1827,2348,3133,,,
,-0.16108767332668,51.5137893205156,Westminster,Sexual Offences,484,423,481,621,698,807,879,975,,,
,-0.16108767332668,51.5137893205156,Westminster,Theft and Handling,29015,34406,32624,26868,27845,27580,31052,35317,,,
,-0.16108767332668,51.5137893205156,Westminster,Violence Against The Person,8395,7155,6911,8442,9876,10847,12468,13011,,,